Channel Id,Channel Url,Channel Title
UC-2HBE6eBhR98luYnuuuJ1A,http://www.youtube.com/channel/UC-2HBE6eBhR98luYnuuuJ1A,Christopher Scott Vaughen
UC-2YHgc363EdcusLIBbgxzg,http://www.youtube.com/channel/UC-2YHgc363EdcusLIBbgxzg,Joe Scott
UC-3SbfTPJsL8fJAPKiVqBLg,http://www.youtube.com/channel/UC-3SbfTPJsL8fJAPKiVqBLg,Deep Look
UC-6OW5aJYBFM33zXQlBKPNA,http://www.youtube.com/channel/UC-6OW5aJYBFM33zXQlBKPNA,Engadget
UC-9b7aDP6ZN0coj9-xFnrtw,http://www.youtube.com/channel/UC-9b7aDP6ZN0coj9-xFnrtw,Astrum
UC-Fn23Q_91AEQHr2uNMd2VQ,http://www.youtube.com/channel/UC-Fn23Q_91AEQHr2uNMd2VQ,CheersKevin
UC-JWw2juO3Ikj5C9VsNoGIw,http://www.youtube.com/channel/UC-JWw2juO3Ikj5C9VsNoGIw,M. Laser History
UC-UC-nE8B33UGnC-NRaSfug,http://www.youtube.com/channel/UC-UC-nE8B33UGnC-NRaSfug,Sebastien Bubeck
UC-glo52BMvZH9PPUamjGIcw,http://www.youtube.com/channel/UC-glo52BMvZH9PPUamjGIcw,Kids Invent Stuff
UC06E4Y_-ybJgBUMtXx8uNNw,http://www.youtube.com/channel/UC06E4Y_-ybJgBUMtXx8uNNw,TheBackyardScientist
UC06HVrkOL33D5lLnCPjr6NQ,http://www.youtube.com/channel/UC06HVrkOL33D5lLnCPjr6NQ,Breaking Taps
UC06whByrcXS9v4m0oTfNAYg,http://www.youtube.com/channel/UC06whByrcXS9v4m0oTfNAYg,UoNScience
UC0QdW-H7_l0zh_CoNhlwoBw,http://www.youtube.com/channel/UC0QdW-H7_l0zh_CoNhlwoBw,ParallaxNick
UC0e3QhIYukixgh5VVpKHH9Q,http://www.youtube.com/channel/UC0e3QhIYukixgh5VVpKHH9Q,Code Bullet
UC0r29hWF31MAwgfilNTUrbA,http://www.youtube.com/channel/UC0r29hWF31MAwgfilNTUrbA,Alt Schwift X
UC0rqucBdTuFTjJiefW5t-IQ,http://www.youtube.com/channel/UC0rqucBdTuFTjJiefW5t-IQ,TensorFlow
UC0woBco6Dgcxt0h8SwyyOmw,http://www.youtube.com/channel/UC0woBco6Dgcxt0h8SwyyOmw,Megaprojects
UC176GAQozKKjhz62H8u9vQQ,http://www.youtube.com/channel/UC176GAQozKKjhz62H8u9vQQ,Real Science
UC1D3yD4wlPMico0dss264XA,http://www.youtube.com/channel/UC1D3yD4wlPMico0dss264XA,NileBlue
UC1DTYW241WD64ah5BFWn4JA,http://www.youtube.com/channel/UC1DTYW241WD64ah5BFWn4JA,Sam O'Nella Academy
UC1LpsuAUaKoMzzJSEt5WImw,http://www.youtube.com/channel/UC1LpsuAUaKoMzzJSEt5WImw,Asianometry
UC1O0jDlG51N3jGf6_9t-9mw,http://www.youtube.com/channel/UC1O0jDlG51N3jGf6_9t-9mw,Marco Reps
UC1VLQPn9cYSqx8plbk9RxxQ,http://www.youtube.com/channel/UC1VLQPn9cYSqx8plbk9RxxQ,The Action Lab
UC1XvxnHFtWruS9egyFasP1Q,http://www.youtube.com/channel/UC1XvxnHFtWruS9egyFasP1Q,What about it!?
UC1ZBQ-F-yktYD4m5AzM6pww,http://www.youtube.com/channel/UC1ZBQ-F-yktYD4m5AzM6pww,Mustard
UC1rFmaGLYr0Ve_Y_soxZNWQ,http://www.youtube.com/channel/UC1rFmaGLYr0Ve_Y_soxZNWQ,Quinn's Ideas
UC1rIOwTqDuWkFj87HZYRFOg,http://www.youtube.com/channel/UC1rIOwTqDuWkFj87HZYRFOg,NYT Cooking
UC1riE7iaU-jPm_UXfQr03sw,http://www.youtube.com/channel/UC1riE7iaU-jPm_UXfQr03sw,Workshop From Scratch
UC1y5UrhN90ULLSGnZjzR7Fw,http://www.youtube.com/channel/UC1y5UrhN90ULLSGnZjzR7Fw,deramp5113
UC22BdTgxefuvUivrjesETjg,http://www.youtube.com/channel/UC22BdTgxefuvUivrjesETjg,History Matters
UC25IWygZ5x74ouIk6NBicTQ,http://www.youtube.com/channel/UC25IWygZ5x74ouIk6NBicTQ,Dr Farzad Sanati
UC2DwBWOByn1rw2JXEUVi4xQ,http://www.youtube.com/channel/UC2DwBWOByn1rw2JXEUVi4xQ,Donia Massoud دنيا مسعود
UC2PA-AKmVpU6NKCGtZq_rKQ,http://www.youtube.com/channel/UC2PA-AKmVpU6NKCGtZq_rKQ,Philosophy Tube
UC2Xd-TjJByJyK2w1zNwY0zQ,http://www.youtube.com/channel/UC2Xd-TjJByJyK2w1zNwY0zQ,Beyond Fireship
UC2_PN-m_f0WBMsGZ2U61pXg,http://www.youtube.com/channel/UC2_PN-m_f0WBMsGZ2U61pXg,أحمد الديب
UC2_vpnza621Sa0cf_xhqJ8Q,http://www.youtube.com/channel/UC2_vpnza621Sa0cf_xhqJ8Q,Raw Space
UC2avWDLN1EI3r1RZ_dlSxCw,http://www.youtube.com/channel/UC2avWDLN1EI3r1RZ_dlSxCw,Integza
UC2bkHVIDjXS7sgrgjFtzOXQ,http://www.youtube.com/channel/UC2bkHVIDjXS7sgrgjFtzOXQ,engineerguy
UC2rzsm1Qi6N1X-wuOg_p0Ng,http://www.youtube.com/channel/UC2rzsm1Qi6N1X-wuOg_p0Ng,Project Farm
UC2wdo5vU7bPBNzyC2nnwmNQ,http://www.youtube.com/channel/UC2wdo5vU7bPBNzyC2nnwmNQ,Cutting Edge Engineering Australia
UC3RcjbuyF5M1U4R62zjE3hg,http://www.youtube.com/channel/UC3RcjbuyF5M1U4R62zjE3hg,Dan Carlin
UC3XTzVzaHQEd30rQbuvCtTQ,http://www.youtube.com/channel/UC3XTzVzaHQEd30rQbuvCtTQ,LastWeekTonight
UC3dmgnqBSqlENPwPcxZ33Cw,http://www.youtube.com/channel/UC3dmgnqBSqlENPwPcxZ33Cw,Paul's Garage (Paul's Garage)
UC3l-MBGanXHD3UKJtkaQSAw,http://www.youtube.com/channel/UC3l-MBGanXHD3UKJtkaQSAw,Part-Time Explorer
UC3qbBhUoxszvWWfQnN4nXog,http://www.youtube.com/channel/UC3qbBhUoxszvWWfQnN4nXog,omar eraky
UC3z_ODXWUtR7KGxa4qz9hMw,http://www.youtube.com/channel/UC3z_ODXWUtR7KGxa4qz9hMw,Cloud9 IDE
UC41PjSV4TnTpAW4_CcHCaMQ,http://www.youtube.com/channel/UC41PjSV4TnTpAW4_CcHCaMQ,Lev Kruglyak
UC4QZ_LsYcvcq7qOsOhpAX4A,http://www.youtube.com/channel/UC4QZ_LsYcvcq7qOsOhpAX4A,ColdFusion
UC4rgSojNeccUVCYhzk0TZuw,http://www.youtube.com/channel/UC4rgSojNeccUVCYhzk0TZuw,John J. Mearsheimer 2023
UC4wx2XlerFt5fYkyuh8jx7g,http://www.youtube.com/channel/UC4wx2XlerFt5fYkyuh8jx7g,Jussi-Petteri Kemppainen
UC510QYlOlKNyhy_zdQxnGYw,http://www.youtube.com/channel/UC510QYlOlKNyhy_zdQxnGYw,Simple History
UC55ODQSvARtgSyc8ThfiepQ,http://www.youtube.com/channel/UC55ODQSvARtgSyc8ThfiepQ,Sam Witteveen
UC5ASM3dn-O-HS-aukLvTW_Q,http://www.youtube.com/channel/UC5ASM3dn-O-HS-aukLvTW_Q,Martian Wolf
UC5I2hjZYiW9gZPVkvzM8_Cw,http://www.youtube.com/channel/UC5I2hjZYiW9gZPVkvzM8_Cw,Techmoan
UC5NO8MgTQKHAWXp6z8Xl7yQ,http://www.youtube.com/channel/UC5NO8MgTQKHAWXp6z8Xl7yQ,This Old Tony
UC5WjFrtBdufl6CZojX3D8dQ,http://www.youtube.com/channel/UC5WjFrtBdufl6CZojX3D8dQ,Tesla
UC5_Y-BKzq1uW_2rexWkUzlA,http://www.youtube.com/channel/UC5_Y-BKzq1uW_2rexWkUzlA,New Mind
UC5nlKFUNoskvV5XdW6PbgYw,http://www.youtube.com/channel/UC5nlKFUNoskvV5XdW6PbgYw,A Well-Rested Dog
UC5ojdZG905jCpbdz12tl-jw,http://www.youtube.com/channel/UC5ojdZG905jCpbdz12tl-jw,Our Own Devices
UC6107grRI4m0o2-emgoDnAA,http://www.youtube.com/channel/UC6107grRI4m0o2-emgoDnAA,SmarterEveryDay
UC64UiPJwM_e9AqAd7RiD7JA,http://www.youtube.com/channel/UC64UiPJwM_e9AqAd7RiD7JA,Today I Found Out
UC66Ggxy8MHX9DCDohdRYDTA,http://www.youtube.com/channel/UC66Ggxy8MHX9DCDohdRYDTA,Edan Meyer
UC67gfx2Fg7K2NSHqoENVgwA,http://www.youtube.com/channel/UC67gfx2Fg7K2NSHqoENVgwA,Tom Stanton
UC68KSmHePPePCjW4v57VPQg,http://www.youtube.com/channel/UC68KSmHePPePCjW4v57VPQg,Python Programmer
UC6DhSUKasPbBLCSdPcGBxww,http://www.youtube.com/channel/UC6DhSUKasPbBLCSdPcGBxww,Chronova Engineering
UC6I0KzAD7uFTL1qzxyunkvA,http://www.youtube.com/channel/UC6I0KzAD7uFTL1qzxyunkvA,Blacktail Studio
UC6JRNdTXrSQ-lK-CGFUWrzw,http://www.youtube.com/channel/UC6JRNdTXrSQ-lK-CGFUWrzw,Princeton Online
UC6WdZQhg1wkZJWCmnDiIeOQ,http://www.youtube.com/channel/UC6WdZQhg1wkZJWCmnDiIeOQ,The Tribune
UC6_clxPYNS_BstewLKjyA9g,http://www.youtube.com/channel/UC6_clxPYNS_BstewLKjyA9g,Scientia Plus
UC6fUahKiPDn1-3476TU-ovA,http://www.youtube.com/channel/UC6fUahKiPDn1-3476TU-ovA,Google Open Online Education
UC6jKUaNXSnuW52CxexLcOJg,http://www.youtube.com/channel/UC6jKUaNXSnuW52CxexLcOJg,Through The Web Podcast
UC6m2Ilfps2ETdkY5PJi6nzQ,http://www.youtube.com/channel/UC6m2Ilfps2ETdkY5PJi6nzQ,James' Planets
UC6n8I1UDTKP1IWjQMg6_TwA,http://www.youtube.com/channel/UC6n8I1UDTKP1IWjQMg6_TwA,The B1M
UC6uKrU_WqJ1R2HMTY3LIx5Q,http://www.youtube.com/channel/UC6uKrU_WqJ1R2HMTY3LIx5Q,Everyday Astronaut
UC6uxTkbcGv5iro2FhKeLkmw,http://www.youtube.com/channel/UC6uxTkbcGv5iro2FhKeLkmw,Blitter Arts
UC6x7GwJxuoABSosgVXDYtTw,http://www.youtube.com/channel/UC6x7GwJxuoABSosgVXDYtTw,I Like To Make Stuff
UC6yIV1sKYlkgGKTe0oY5MlQ,http://www.youtube.com/channel/UC6yIV1sKYlkgGKTe0oY5MlQ,تراث المدح الشريف
UC726J5A0LLFRxQ0SZqr2mYQ,http://www.youtube.com/channel/UC726J5A0LLFRxQ0SZqr2mYQ,Curious Droid
UC78Ib99EBhMN3NemVjYm3Ig,http://www.youtube.com/channel/UC78Ib99EBhMN3NemVjYm3Ig,Grant Sanderson
UC7E8-0Ou69hwScPW1_fQApA,http://www.youtube.com/channel/UC7E8-0Ou69hwScPW1_fQApA,Sam Zeloof
UC7_gcs09iThXybpVgjHZ_7g,http://www.youtube.com/channel/UC7_gcs09iThXybpVgjHZ_7g,PBS Space Time
UC7uJBXcRdGlDlKIyr6ZbjBw,http://www.youtube.com/channel/UC7uJBXcRdGlDlKIyr6ZbjBw,Robert Paz
UC7vVhkEfw4nOGp8TyDk7RcQ,http://www.youtube.com/channel/UC7vVhkEfw4nOGp8TyDk7RcQ,Boston Dynamics
UC8DW2q6yFKPD_zjL8jzUYGA,http://www.youtube.com/channel/UC8DW2q6yFKPD_zjL8jzUYGA,With Hafez Al Mirazi - من واشنطن مع حافظ المرازي
UC8ENHE5xdFSwx71u3fDH5Xw,http://www.youtube.com/channel/UC8ENHE5xdFSwx71u3fDH5Xw,ThePrimeagen
UC8JzxSbxLYzu4XL9jJcMQYQ,http://www.youtube.com/channel/UC8JzxSbxLYzu4XL9jJcMQYQ,Jeel Nostalgia.. نوستالجيا الجيل
UC8VkNBOwvsTlFjoSnNSMmxw,http://www.youtube.com/channel/UC8VkNBOwvsTlFjoSnNSMmxw,Smarter Every Day 2
UC8butISFwT-Wl7EV0hUK0BQ,http://www.youtube.com/channel/UC8butISFwT-Wl7EV0hUK0BQ,freeCodeCamp.org
UC8i-4EpLBXMzekETNXwcZjA,http://www.youtube.com/channel/UC8i-4EpLBXMzekETNXwcZjA,Hyperspace Pirate
UC8tPYnkOKCw87JSJDCR6HCQ,http://www.youtube.com/channel/UC8tPYnkOKCw87JSJDCR6HCQ,Shereen Abdo
UC8zAiZUuUXe-touFVopBbZw,http://www.youtube.com/channel/UC8zAiZUuUXe-touFVopBbZw,Pete Peppers
UC9-y-6csu5WGm29I7JiwpnA,http://www.youtube.com/channel/UC9-y-6csu5WGm29I7JiwpnA,Computerphile
UC9GC7dr_V9RWVBIGrdYq0MQ,http://www.youtube.com/channel/UC9GC7dr_V9RWVBIGrdYq0MQ,ether.camp
UC9RM-iSvTu1uPJb8X5yp3EQ,http://www.youtube.com/channel/UC9RM-iSvTu1uPJb8X5yp3EQ,Wendover Productions
UC9_p50tH3WmMslWRWKnM7dQ,http://www.youtube.com/channel/UC9_p50tH3WmMslWRWKnM7dQ,Adam Ragusea
UC9dRb4fbJQIbQ3KHJZF_z0g,http://www.youtube.com/channel/UC9dRb4fbJQIbQ3KHJZF_z0g,Let's Talk Religion
UC9uD-W5zQHQuAVT2GdcLCvg,http://www.youtube.com/channel/UC9uD-W5zQHQuAVT2GdcLCvg,Insider Science
UCAL3JXZSzSm8AlZyD3nQdBA,http://www.youtube.com/channel/UCAL3JXZSzSm8AlZyD3nQdBA,Primitive Technology
UCAYa877cjNLF2PvioR15gxQ,http://www.youtube.com/channel/UCAYa877cjNLF2PvioR15gxQ,ElementalMaker
UCAoxdRk2NLCUJe32XWc5Y3A,http://www.youtube.com/channel/UCAoxdRk2NLCUJe32XWc5Y3A,Belal Fadl بلال فضل
UCAqBlhSc6Vj0T6FY_6qgDuw,http://www.youtube.com/channel/UCAqBlhSc6Vj0T6FY_6qgDuw,Mahmoud Saber - محمود صابر
UCB4HbwBLqKIwRUbAfKlGoDg,http://www.youtube.com/channel/UCB4HbwBLqKIwRUbAfKlGoDg,Alt Shift ZZZ
UCB6PV0cvJpzlcXRG7nz6PpQ,http://www.youtube.com/channel/UCB6PV0cvJpzlcXRG7nz6PpQ,Motherboard
UCBGt4ksgYC-au_J4LVC42bw,http://www.youtube.com/channel/UCBGt4ksgYC-au_J4LVC42bw,LightningOnDemand
UCBNG0osIBAprVcZZ3ic84vw,http://www.youtube.com/channel/UCBNG0osIBAprVcZZ3ic84vw,Jim Browning
UCBNHHEoiSF8pcLgqLKVugOw,http://www.youtube.com/channel/UCBNHHEoiSF8pcLgqLKVugOw,Marcus House
UCBa659QWEk1AI4Tg--mrJ2A,http://www.youtube.com/channel/UCBa659QWEk1AI4Tg--mrJ2A,Tom Scott
UCBbnbBWJtwsf0jLGUwX5Q3g,http://www.youtube.com/channel/UCBbnbBWJtwsf0jLGUwX5Q3g,Journey to the Microcosmos
UCBfHFPvD7cmJ6DKNH2w_g4A,http://www.youtube.com/channel/UCBfHFPvD7cmJ6DKNH2w_g4A,Lina Sleibi لينا صليبي (Official)
UCBjr2QgkUNToRbwVecMgX3Q,http://www.youtube.com/channel/UCBjr2QgkUNToRbwVecMgX3Q,AiTelly
UCBrWZAtEBd-iG8pz43G6NYw,http://www.youtube.com/channel/UCBrWZAtEBd-iG8pz43G6NYw,أرشيف أغانى الضمة و السمسمية البورسعيدى
UCCKdRWoYnNMi5XKxnmcjawg,http://www.youtube.com/channel/UCCKdRWoYnNMi5XKxnmcjawg,Bradley Whistance
UCCODtTcd5M1JavPCOr_Uydg,http://www.youtube.com/channel/UCCODtTcd5M1JavPCOr_Uydg,Extra History
UCCSY1Upn8fpLUDKVnyrcFxw,http://www.youtube.com/channel/UCCSY1Upn8fpLUDKVnyrcFxw,raniashaalan
UCCWeRTgd79JL0ilH0ZywSJA,http://www.youtube.com/channel/UCCWeRTgd79JL0ilH0ZywSJA,AlphaPhoenix
UCD45RRUnBY9ePhH__szOZlg,http://www.youtube.com/channel/UCD45RRUnBY9ePhH__szOZlg,kvechannel
UCD80T1s2Za4K682CQDGwEKQ,http://www.youtube.com/channel/UCD80T1s2Za4K682CQDGwEKQ,Wristwatch Revival
UCDRIjKy6eZOvKtOELtTdeUA,http://www.youtube.com/channel/UCDRIjKy6eZOvKtOELtTdeUA,Breaking Points
UCDRZWhedLhwllnac-RBxvyw,http://www.youtube.com/channel/UCDRZWhedLhwllnac-RBxvyw,John Downer Productions
UCD_07RND-rGfC7xb-xNFY7Q,http://www.youtube.com/channel/UCD_07RND-rGfC7xb-xNFY7Q,Digital Currency Group
UCDqov5THnmr0KX3f1FeK0Uw,http://www.youtube.com/channel/UCDqov5THnmr0KX3f1FeK0Uw,Predictable Designs
UCEAT5_8xyABzLOkHZlLr7IQ,http://www.youtube.com/channel/UCEAT5_8xyABzLOkHZlLr7IQ,l0ckcr4ck3r
UCEIwxahdLz7bap-VDs9h35A,http://www.youtube.com/channel/UCEIwxahdLz7bap-VDs9h35A,Steve Mould
UCET6sWl4Xcu-U8Ka9PJPrwA,http://www.youtube.com/channel/UCET6sWl4Xcu-U8Ka9PJPrwA,DW Documentary وثائقية دي دبليو
UCEaxX1yQlFPmAKbE6AFpBWQ,http://www.youtube.com/channel/UCEaxX1yQlFPmAKbE6AFpBWQ,Thánh Chế - Mr Hồ
UCEn3fRj2e0mpqYsijxnzayg,http://www.youtube.com/channel/UCEn3fRj2e0mpqYsijxnzayg,Xyla Foxlin
UCEszlI8-W79IsU8LSAiRbDg,http://www.youtube.com/channel/UCEszlI8-W79IsU8LSAiRbDg,John Michael Godier
UCEszqJb1FjYisBevHBIof3g,http://www.youtube.com/channel/UCEszqJb1FjYisBevHBIof3g,Prof James Ker-Lindsay
UCFH4dWqQQOYkyJZUGT4q5pg,http://www.youtube.com/channel/UCFH4dWqQQOYkyJZUGT4q5pg,Warped
UCFVXdB6Y3GTYQRIwyZeBdeg,http://www.youtube.com/channel/UCFVXdB6Y3GTYQRIwyZeBdeg,NASAhistory
UCFbiS45PTeP5ZuuqP1gXGrQ,http://www.youtube.com/channel/UCFbiS45PTeP5ZuuqP1gXGrQ,CheezyFlakes
UCFhXFikryT4aFcLkLw2LBLA,http://www.youtube.com/channel/UCFhXFikryT4aFcLkLw2LBLA,NileRed
UCFtc3XdXgLFwhlDajMGK69w,http://www.youtube.com/channel/UCFtc3XdXgLFwhlDajMGK69w,NightHawkInLight
UCFwMITSkc1Fms6PoJoh1OUQ,http://www.youtube.com/channel/UCFwMITSkc1Fms6PoJoh1OUQ,LabPadre Space
UCG9ShGbASoiwHwFcLcAh9EA,http://www.youtube.com/channel/UCG9ShGbASoiwHwFcLcAh9EA,SEA
UCGENTYBp0gPaFusxGXKk6_A,http://www.youtube.com/channel/UCGENTYBp0gPaFusxGXKk6_A,Paralogical
UCGHZpIpAWJQ-Jy_CeCdXhMA,http://www.youtube.com/channel/UCGHZpIpAWJQ-Jy_CeCdXhMA,Cool Worlds
UCGI000V6ZIAQf97MNybAaLQ,http://www.youtube.com/channel/UCGI000V6ZIAQf97MNybAaLQ,Dom Burgess
UCGlvtS7As7WHh7YtmU5SMUQ,http://www.youtube.com/channel/UCGlvtS7As7WHh7YtmU5SMUQ,Unholy Podcast
UCH09NwwJsfThwLKvc6kxl4Q,http://www.youtube.com/channel/UCH09NwwJsfThwLKvc6kxl4Q,James Bates
UCH4BNI0-FOK2dMXoFtViWHw,http://www.youtube.com/channel/UCH4BNI0-FOK2dMXoFtViWHw,Be Smart
UCHB9VepY6kYvZjj0Bgxnpbw,http://www.youtube.com/channel/UCHB9VepY6kYvZjj0Bgxnpbw,Connor Shorten
UCHS55yDvORmCpbM_3vNQQsQ,http://www.youtube.com/channel/UCHS55yDvORmCpbM_3vNQQsQ,Michael Rechtin
UCHU0cN3G5e3jwj8gmmPciDg,http://www.youtube.com/channel/UCHU0cN3G5e3jwj8gmmPciDg,محروس موسى
UCHcboXRkAhrPSAnMVaQ3vDg,http://www.youtube.com/channel/UCHcboXRkAhrPSAnMVaQ3vDg,mohammad jaafar
UCHdi4L0qHu8wgVFt9Of3G1g,http://www.youtube.com/channel/UCHdi4L0qHu8wgVFt9Of3G1g,DeepSpaceCourier
UCHnyfMqiRRG1u-2MsSQLbXA,http://www.youtube.com/channel/UCHnyfMqiRRG1u-2MsSQLbXA,Veritasium
UCHsRtomD4twRf5WVHHk-cMw,http://www.youtube.com/channel/UCHsRtomD4twRf5WVHHk-cMw,TierZoo
UCILl8ozWuxnFYXIe2svjHhg,http://www.youtube.com/channel/UCILl8ozWuxnFYXIe2svjHhg,BPS.space
UCI_hI-psRTcG7ClOOen2FBA,http://www.youtube.com/channel/UCI_hI-psRTcG7ClOOen2FBA,w K
UCIdIR3x-VCxyYFD4NO_DRwQ,http://www.youtube.com/channel/UCIdIR3x-VCxyYFD4NO_DRwQ,El Mastaba Center
UCIfQb9u7ALnOE4ZmexRecDg,http://www.youtube.com/channel/UCIfQb9u7ALnOE4ZmexRecDg,BlinkOn
UCIpu9V-YxB3nRVEpdgoCCSA,http://www.youtube.com/channel/UCIpu9V-YxB3nRVEpdgoCCSA,Chris Alexiuk
UCJ0sIFZ0VnZ5ta9vxC9PyUA,http://www.youtube.com/channel/UCJ0sIFZ0VnZ5ta9vxC9PyUA,Hassan Radwan
UCJH-fn0wLu5uwXX33jNToQw,http://www.youtube.com/channel/UCJH-fn0wLu5uwXX33jNToQw,NewAfrica
UCJLZe_NoiG0hT7QCX_9vmqw,http://www.youtube.com/channel/UCJLZe_NoiG0hT7QCX_9vmqw,I did a thing
UCJWCJCWOxBYSi5DhCieLOLQ,http://www.youtube.com/channel/UCJWCJCWOxBYSi5DhCieLOLQ,aantonop
UCJYJgj7rzsn0vdR7fkgjuIA,http://www.youtube.com/channel/UCJYJgj7rzsn0vdR7fkgjuIA,styropyro
UCJZTjBlrnDHYmf0F-eYXA3Q,http://www.youtube.com/channel/UCJZTjBlrnDHYmf0F-eYXA3Q,Self Sufficient Me
UCJ_wj-lYp_NZIUhxcjNdISw,http://www.youtube.com/channel/UCJ_wj-lYp_NZIUhxcjNdISw,fo2elsoto7 فوق السطوح
UCJkMlOu7faDgqh4PfzbpLdg,http://www.youtube.com/channel/UCJkMlOu7faDgqh4PfzbpLdg,Nerdwriter1
UCJoOw-cqA7F6qU7i-Kf8nwg,http://www.youtube.com/channel/UCJoOw-cqA7F6qU7i-Kf8nwg,Bletchley Park
UCJzc7TiJ2nnuyJkUpOZ8RKA,http://www.youtube.com/channel/UCJzc7TiJ2nnuyJkUpOZ8RKA,Conversations With Joe
UCK8XIGR5kRidIw2fWqwyHRA,http://www.youtube.com/channel/UCK8XIGR5kRidIw2fWqwyHRA,Reducible
UCK8sQmJBp8GCxrOtXWBpyEA,http://www.youtube.com/channel/UCK8sQmJBp8GCxrOtXWBpyEA,Google
UCKLIIdKEpjAnn8E76KP7sQg,http://www.youtube.com/channel/UCKLIIdKEpjAnn8E76KP7sQg,mrpete222
UCKLTq5nqt06Mw7gV203fo6Q,http://www.youtube.com/channel/UCKLTq5nqt06Mw7gV203fo6Q,More Than Farmers
UCKMe6U3A3GiYk71EciHyvsw,http://www.youtube.com/channel/UCKMe6U3A3GiYk71EciHyvsw,Fayrouz Karawya
UCKRoXz3hHAu2XL_k3Ef4vJQ,http://www.youtube.com/channel/UCKRoXz3hHAu2XL_k3Ef4vJQ,Pod Save America
UCKd49wwdEdIoM-7Fumhwmog,http://www.youtube.com/channel/UCKd49wwdEdIoM-7Fumhwmog,Quint BUILDs
UCKzJFdi57J53Vr_BkTfN3uQ,http://www.youtube.com/channel/UCKzJFdi57J53Vr_BkTfN3uQ,Primer
UCL8Nxsa1LB9DrMTHtt3IKiw,http://www.youtube.com/channel/UCL8Nxsa1LB9DrMTHtt3IKiw,Mashable
UCL8d9DGUT05SV1aXjAoPMUA,http://www.youtube.com/channel/UCL8d9DGUT05SV1aXjAoPMUA,RG SAT
UCLA_DiR1FfKNvjuUpBHmylQ,http://www.youtube.com/channel/UCLA_DiR1FfKNvjuUpBHmylQ,NASA
UCLB7AzTwc6VFZrBsO2ucBMg,http://www.youtube.com/channel/UCLB7AzTwc6VFZrBsO2ucBMg,Robert Miles AI Safety 
UCLBquMIehDL8Mv0ttSv6lzQ,http://www.youtube.com/channel/UCLBquMIehDL8Mv0ttSv6lzQ,Sankofa Read Aloud
UCLGNeElk4sNgzUrZr0c9krA,http://www.youtube.com/channel/UCLGNeElk4sNgzUrZr0c9krA,Chef Jean-Pierre
UCLXo7UDZvByw2ixzpQCufnA,http://www.youtube.com/channel/UCLXo7UDZvByw2ixzpQCufnA,Vox
UCLfMmOriSyPbd5JhHpnj4Ng,http://www.youtube.com/channel/UCLfMmOriSyPbd5JhHpnj4Ng,TimeGhost History
UCLgEVx4mzk3T3mzgbKG54Eg,http://www.youtube.com/channel/UCLgEVx4mzk3T3mzgbKG54Eg,Hagerty
UCLr2Dn-wAtO8jxrj8MZ58cg,http://www.youtube.com/channel/UCLr2Dn-wAtO8jxrj8MZ58cg,I Need More Space
UCLukrOQYSgsHUR_NSiVZndQ,http://www.youtube.com/channel/UCLukrOQYSgsHUR_NSiVZndQ,ServiceNow
UCM3Xhn0NGPNVZniYxbt-KMA,http://www.youtube.com/channel/UCM3Xhn0NGPNVZniYxbt-KMA,Jetpack Academy
UCMH83DNDkapjiv-76UNGuCQ,http://www.youtube.com/channel/UCMH83DNDkapjiv-76UNGuCQ,Alaa Al Aswany
UCMIlKBGE58BXyWGSMe8RAzA,http://www.youtube.com/channel/UCMIlKBGE58BXyWGSMe8RAzA,Random Article
UCMLtBahI5DMrt0NPvDSoIRQ,http://www.youtube.com/channel/UCMLtBahI5DMrt0NPvDSoIRQ,Machine Learning Street Talk
UCMOqf8ab-42UUQIdVoKwjlQ,http://www.youtube.com/channel/UCMOqf8ab-42UUQIdVoKwjlQ,Practical Engineering
UCMb0O2CdPBNi-QqPk5T3gsQ,http://www.youtube.com/channel/UCMb0O2CdPBNi-QqPk5T3gsQ,James Hoffmann
UCMiKsCT21CZXLSGgQ4ZkmFg,http://www.youtube.com/channel/UCMiKsCT21CZXLSGgQ4ZkmFg,الموهوبون في الأرض
UCMrW8DtcH1ZLq-F6WqqSXnQ,http://www.youtube.com/channel/UCMrW8DtcH1ZLq-F6WqqSXnQ,عصير الكتب
UCMtFAi84ehTSYSE9XoHefig,http://www.youtube.com/channel/UCMtFAi84ehTSYSE9XoHefig,The Late Show with Stephen Colbert
UCNIuvl7V8zACPpTmmNIqP2A,http://www.youtube.com/channel/UCNIuvl7V8zACPpTmmNIqP2A,OverSimplified
UCNJ1Ymd5yFuUPtn21xtRbbw,http://www.youtube.com/channel/UCNJ1Ymd5yFuUPtn21xtRbbw,AI Explained
UCNlBbEpwffgWefkbRm73xxQ,http://www.youtube.com/channel/UCNlBbEpwffgWefkbRm73xxQ,Stuff Made Here 2
UCNqNkZ7kKfqimqHkgbWMNYA,http://www.youtube.com/channel/UCNqNkZ7kKfqimqHkgbWMNYA,Launch Pad Astronomy
UCNszHNG0PlhWJdtNqFvwMWw,http://www.youtube.com/channel/UCNszHNG0PlhWJdtNqFvwMWw,Rabbitmetrics
UCNwSxyl2KmhdAjHLR6xGR0A,http://www.youtube.com/channel/UCNwSxyl2KmhdAjHLR6xGR0A,David Butler
UCO4AaIooUgGTlBH64KWO76w,http://www.youtube.com/channel/UCO4AaIooUgGTlBH64KWO76w,FarmCraft101
UCOEykxFhALobv5CF-wYLnWw,http://www.youtube.com/channel/UCOEykxFhALobv5CF-wYLnWw,BUILD2
UCOIHBHRbvncMo7Bf0Vx1zEQ,http://www.youtube.com/channel/UCOIHBHRbvncMo7Bf0Vx1zEQ,DARPAtv
UCONd1SNf3_QqjzjCVsURNuA,http://www.youtube.com/channel/UCONd1SNf3_QqjzjCVsURNuA,AntsCanada
UCORX3Cl7ByidjEgzSCgv9Yw,http://www.youtube.com/channel/UCORX3Cl7ByidjEgzSCgv9Yw,Anastasi In Tech
UCOYWgypDktXdb-HfZnSMK6A,http://www.youtube.com/channel/UCOYWgypDktXdb-HfZnSMK6A,TomSka
UCOgYxEFQIVkmo4865ap0Zbw,http://www.youtube.com/channel/UCOgYxEFQIVkmo4865ap0Zbw,Foxcade
UCOvAmbi58MlSPs-Dj3b3D9A,http://www.youtube.com/channel/UCOvAmbi58MlSPs-Dj3b3D9A,Country Equipment Rentals
UCP1AejCL4DA7jYkZAELRhHQ,http://www.youtube.com/channel/UCP1AejCL4DA7jYkZAELRhHQ,World War Two
UCP5tjEmvPItGyLhmjdwP7Ww,http://www.youtube.com/channel/UCP5tjEmvPItGyLhmjdwP7Ww,RealLifeLore
UCP7jMXSY2xbc3KCAE0MHQ-A,http://www.youtube.com/channel/UCP7jMXSY2xbc3KCAE0MHQ-A,Google DeepMind
UCPCw5ycqW0fme1BdvNqOxbw,http://www.youtube.com/channel/UCPCw5ycqW0fme1BdvNqOxbw,ProjectAir
UCP_lo1MFyx5IXDeD9s_6nUw,http://www.youtube.com/channel/UCP_lo1MFyx5IXDeD9s_6nUw,Meta Developers
UCPohodp3R6KNmu-bEHGYbkQ,http://www.youtube.com/channel/UCPohodp3R6KNmu-bEHGYbkQ,DeepAR.ai
UCPzFLpOblZEaIx2lpym1l1A,http://www.youtube.com/channel/UCPzFLpOblZEaIx2lpym1l1A,Alex
UCPzFMJIsp2fOQ_ic5a_zXTA,http://www.youtube.com/channel/UCPzFMJIsp2fOQ_ic5a_zXTA,Copenhagen Suborbitals
UCQ9e0JHba7ApNz_-HL-p_6A,http://www.youtube.com/channel/UCQ9e0JHba7ApNz_-HL-p_6A,GREENPOWERSCIENCE
UCQHgH9K6zOvfRRcPRHmuMuA,http://www.youtube.com/channel/UCQHgH9K6zOvfRRcPRHmuMuA,نوادر الصعيد Arts Upper Egypt
UCQHsMwcGoH1ygyi-pJs5Z8A,http://www.youtube.com/channel/UCQHsMwcGoH1ygyi-pJs5Z8A,Frame of Essence
UCQMyhrt92_8XM0KgZH6VnRg,http://www.youtube.com/channel/UCQMyhrt92_8XM0KgZH6VnRg,Company Man
UCQYMhOMi_Cdj1CEAU-fv80A,http://www.youtube.com/channel/UCQYMhOMi_Cdj1CEAU-fv80A,Neso Academy
UCQbKe0RZ62u47TZ8vmKNnRA,http://www.youtube.com/channel/UCQbKe0RZ62u47TZ8vmKNnRA,RGV Aerial Photography
UCQc-C5nn-XHZDo63a9bjxWg,http://www.youtube.com/channel/UCQc-C5nn-XHZDo63a9bjxWg,Ayman Mahmoud
UCQjE37R-Y4DTq7kUWPO83Wg,http://www.youtube.com/channel/UCQjE37R-Y4DTq7kUWPO83Wg,ServiceNow Documentation
UCR1IuLEqb6UEA_zQ81kwXfg,http://www.youtube.com/channel/UCR1IuLEqb6UEA_zQ81kwXfg,Real Engineering
UCRD21KjJzJImeA05tTYOCJw,http://www.youtube.com/channel/UCRD21KjJzJImeA05tTYOCJw,Nolan’s Anthill Castings
UCREs0ConyCR2sEFf-DrLRMw,http://www.youtube.com/channel/UCREs0ConyCR2sEFf-DrLRMw,SF Bitcoin Developers
UCRcgy6GzDeccI7dkbbBna3Q,http://www.youtube.com/channel/UCRcgy6GzDeccI7dkbbBna3Q,LEMMiNO
UCRqNQqEW4nKlZ9A0Lpfxo6g,http://www.youtube.com/channel/UCRqNQqEW4nKlZ9A0Lpfxo6g,Spacex 3D Creation Eccentric
UCRzPUBhXUZHclB7B5bURFXw,http://www.youtube.com/channel/UCRzPUBhXUZHclB7B5bURFXw,Eater
UCS-unRLB5LMrvhi66k4bjig,http://www.youtube.com/channel/UCS-unRLB5LMrvhi66k4bjig,JTheory
UCS0N5baNlQWJCUrhCEo8WlA,http://www.youtube.com/channel/UCS0N5baNlQWJCUrhCEo8WlA,Ben Eater
UCSHZKyawb77ixDdsGog4iWA,http://www.youtube.com/channel/UCSHZKyawb77ixDdsGog4iWA,Lex Fridman
UCSIvk78tK2TiviLQn4fSHaw,http://www.youtube.com/channel/UCSIvk78tK2TiviLQn4fSHaw,Up and Atom
UCSJbGtTlrDami-tDGPUV9-w,http://www.youtube.com/channel/UCSJbGtTlrDami-tDGPUV9-w,Academind
UCSPLhwvj0gBufjDRzSQb3GQ,http://www.youtube.com/channel/UCSPLhwvj0gBufjDRzSQb3GQ,BobbyBroccoli
UCSQpzlNDZOUR3LAaGWNMovw,http://www.youtube.com/channel/UCSQpzlNDZOUR3LAaGWNMovw,Horea Porutiu
UCSUu1lih2RifWkKtDOJdsBA,http://www.youtube.com/channel/UCSUu1lih2RifWkKtDOJdsBA,NASASpaceflight
UCSaq5NekrOZKCB_DyS734jA,http://www.youtube.com/channel/UCSaq5NekrOZKCB_DyS734jA,Aya Habib - آية حبيب
UCSgmNJ8CpGJPwBotZrVigOA,http://www.youtube.com/channel/UCSgmNJ8CpGJPwBotZrVigOA,Friends of Oceano Dunes
UCSiQUQEfjUu9bniPu6TKylQ,http://www.youtube.com/channel/UCSiQUQEfjUu9bniPu6TKylQ,Satoshi Pollen (IamSatoshi Documentary)
UCSksodwjNeOQ3Oywr1G4Nag,http://www.youtube.com/channel/UCSksodwjNeOQ3Oywr1G4Nag,Engineezy
UCSq3p5NKEtyp5Rjd4ctiEbg,http://www.youtube.com/channel/UCSq3p5NKEtyp5Rjd4ctiEbg,Task & Purpose
UCT9jU2JZ6Yn_OgakTZDfjWg,http://www.youtube.com/channel/UCT9jU2JZ6Yn_OgakTZDfjWg,Mailchimp Open Commerce
UCTCTToV5woUMGWIjjT2Biyg,http://www.youtube.com/channel/UCTCTToV5woUMGWIjjT2Biyg,Marwa & ذكريات من عمر فات
UCTdw38Cw6jcm0atBPA39a0Q,http://www.youtube.com/channel/UCTdw38Cw6jcm0atBPA39a0Q,NDC Conferences
UCTvYEid8tmg0jqGPDkehc_Q,http://www.youtube.com/channel/UCTvYEid8tmg0jqGPDkehc_Q,Preppy Kitchen
UCTvd5lUSLtTH8Qcd7Pl1nQg,http://www.youtube.com/channel/UCTvd5lUSLtTH8Qcd7Pl1nQg,Onshape
UCU0AWvnd3FSstJOpKWH320A,http://www.youtube.com/channel/UCU0AWvnd3FSstJOpKWH320A,T-Zero Systems
UCU7ONwrD57RXLUPcZ1WiSZw,http://www.youtube.com/channel/UCU7ONwrD57RXLUPcZ1WiSZw,Nayel Shafei
UCUFnGWHIQvybwmR7XDh7-9A,http://www.youtube.com/channel/UCUFnGWHIQvybwmR7XDh7-9A,Girl With The Dogs
UCUHW94eEFW7hkUMVaZz4eDg,http://www.youtube.com/channel/UCUHW94eEFW7hkUMVaZz4eDg,minutephysics
UCUIz7yBnnxc0OjwhzIHNfOQ,http://www.youtube.com/channel/UCUIz7yBnnxc0OjwhzIHNfOQ,LA Machines
UCUQo7nzH1sXVpzL92VesANw,http://www.youtube.com/channel/UCUQo7nzH1sXVpzL92VesANw,DIY Perks
UCURj_t8MSVNkal7OYxu_FgQ,http://www.youtube.com/channel/UCURj_t8MSVNkal7OYxu_FgQ,Philosophy Time
UCUaiGrBfRCaC6pL7ZnZjWbg,http://www.youtube.com/channel/UCUaiGrBfRCaC6pL7ZnZjWbg,JK Brickworks
UCUbDcUPed50Y_7KmfCXKohA,http://www.youtube.com/channel/UCUbDcUPed50Y_7KmfCXKohA,James Bruton
UCUdunfSS-4CyZsIhICtgr6A,http://www.youtube.com/channel/UCUdunfSS-4CyZsIhICtgr6A,Kris Temmerman
UCUujfNBK9uv3cIW-P5PX7vA,http://www.youtube.com/channel/UCUujfNBK9uv3cIW-P5PX7vA,Andrew Camarata
UCUutcqqhZpj1OTx3wLGMKWw,http://www.youtube.com/channel/UCUutcqqhZpj1OTx3wLGMKWw,Thea Ulrich
UCUyvQV2JsICeLZP4c_h40kA,http://www.youtube.com/channel/UCUyvQV2JsICeLZP4c_h40kA,Thomas Flight
UCUzGQrN-lyyc0BWTYoJM_Sg,http://www.youtube.com/channel/UCUzGQrN-lyyc0BWTYoJM_Sg,What's AI by Louis-François Bouchard
UCUzQJ3JBuQ9w-po4TXRJHiA,http://www.youtube.com/channel/UCUzQJ3JBuQ9w-po4TXRJHiA,jdh
UCVH8lH7ZLDUe_d9mZ3dlyYQ,http://www.youtube.com/channel/UCVH8lH7ZLDUe_d9mZ3dlyYQ,xplrd
UCVI8Mfisni3GaobL1e2JOIQ,http://www.youtube.com/channel/UCVI8Mfisni3GaobL1e2JOIQ,Inheritance Machining
UCVS89U86PwqzNkK2qYNbk5A,http://www.youtube.com/channel/UCVS89U86PwqzNkK2qYNbk5A,Allen Pan
UCVSHXNNBitaPd5lYz48--yg,http://www.youtube.com/channel/UCVSHXNNBitaPd5lYz48--yg,Tech Ingredients
UCVa0-RXHgGwPeueF9Qq9P7g,http://www.youtube.com/channel/UCVa0-RXHgGwPeueF9Qq9P7g,Minute Rockets
UCVpankR4HtoAVtYnFDUieYA,http://www.youtube.com/channel/UCVpankR4HtoAVtYnFDUieYA,Ze Frank
UCVveEFTOd6khhSXXnRhxJmg,http://www.youtube.com/channel/UCVveEFTOd6khhSXXnRhxJmg,Fireball Tool
UCW6MNdOsqv2E9AjQkv9we7A,http://www.youtube.com/channel/UCW6MNdOsqv2E9AjQkv9we7A,PwnFunction
UCW6TXMZ5Pq6yL6_k5NZ2e0Q,http://www.youtube.com/channel/UCW6TXMZ5Pq6yL6_k5NZ2e0Q,Socratica
UCW6xlqxSY3gGur4PkGPEUeA,http://www.youtube.com/channel/UCW6xlqxSY3gGur4PkGPEUeA,Seytonic
UCWFKCr40YwOZQx8FHU_ZqqQ,http://www.youtube.com/channel/UCWFKCr40YwOZQx8FHU_ZqqQ,JerryRigEverything
UCWGrYXs46kZX0cJh2yC7ORw,http://www.youtube.com/channel/UCWGrYXs46kZX0cJh2yC7ORw,Camden Bowen
UCWTFGPpNQ0Ms6afXhaWDiRw,http://www.youtube.com/channel/UCWTFGPpNQ0Ms6afXhaWDiRw,Now You See It
UCWUgZKDXw5Q-r1HL_jvCP-w,http://www.youtube.com/channel/UCWUgZKDXw5Q-r1HL_jvCP-w,Austin Shaner
UCWW6C71HUEN5iBuX8qq5xxw,http://www.youtube.com/channel/UCWW6C71HUEN5iBuX8qq5xxw,Alt Shift X Podcast
UCWYr9nwkynyYNLjQkZZ5p5g,http://www.youtube.com/channel/UCWYr9nwkynyYNLjQkZZ5p5g,Photo Owl Time Lapse
UCWZM2pSS9toJ5tWXPBk6jCA,http://www.youtube.com/channel/UCWZM2pSS9toJ5tWXPBk6jCA,Christopher Helmke
UCWj_rUMGYCP0DjffybE2nbg,http://www.youtube.com/channel/UCWj_rUMGYCP0DjffybE2nbg,Middle Eats
UCWv7vMbMWH4-V0ZXdmDpPBA,http://www.youtube.com/channel/UCWv7vMbMWH4-V0ZXdmDpPBA,Programming with Mosh
UCWxiO_Br1awgEjy79VItspQ,http://www.youtube.com/channel/UCWxiO_Br1awgEjy79VItspQ,Ant Lab
UCX-wCnYqqzkSe_E40D7VZMg,http://www.youtube.com/channel/UCX-wCnYqqzkSe_E40D7VZMg,Jesse Muller
UCX3HDBasMU2qS3svgtuzD2g,http://www.youtube.com/channel/UCX3HDBasMU2qS3svgtuzD2g,Space News Pod
UCX6b17PVsYBQ0ip5gyeme-Q,http://www.youtube.com/channel/UCX6b17PVsYBQ0ip5gyeme-Q,CrashCourse
UCXAS_Ekkq0iFJ9dSUIkcAkw,http://www.youtube.com/channel/UCXAS_Ekkq0iFJ9dSUIkcAkw,The Efficient Engineer
UCXEMoXN_OzK_rScQKP8hYFg,http://www.youtube.com/channel/UCXEMoXN_OzK_rScQKP8hYFg,The Mosireen Collective
UCXIa1dlKtpeCEBHObZFQgsA,http://www.youtube.com/channel/UCXIa1dlKtpeCEBHObZFQgsA,Rabbit Hole Syndrome
UCXKjhxsfFQUqlNVQzLVnpEA,http://www.youtube.com/channel/UCXKjhxsfFQUqlNVQzLVnpEA,FiveThirtyEight
UCXLPiwE0SMfB4owoNf544bA,http://www.youtube.com/channel/UCXLPiwE0SMfB4owoNf544bA,Mada Masr
UCXLXIH3A94K1-bLNWCzVI9Q,http://www.youtube.com/channel/UCXLXIH3A94K1-bLNWCzVI9Q,The Engineering Science
UCXNXT2MxtKPhsBmhFWE6xsg,http://www.youtube.com/channel/UCXNXT2MxtKPhsBmhFWE6xsg,David Lightbringer
UCXNviQjBONXljxkJzNV-Xbw,http://www.youtube.com/channel/UCXNviQjBONXljxkJzNV-Xbw,The Robot Brains Podcast
UCXUPKJO5MZQN11PqgIvyuvQ,http://www.youtube.com/channel/UCXUPKJO5MZQN11PqgIvyuvQ,Andrej Karpathy
UCXX7AV8HDBCZXbKRHJYYODg,http://www.youtube.com/channel/UCXX7AV8HDBCZXbKRHJYYODg,Estefannie
UCXYQcMpUBT3aaQKfmAVJNow,http://www.youtube.com/channel/UCXYQcMpUBT3aaQKfmAVJNow,Slu4
UCXZCJLdBC09xxGZ6gcdrc6A,http://www.youtube.com/channel/UCXZCJLdBC09xxGZ6gcdrc6A,OpenAI
UCXjWweOkccNu1WeFPkXIBXw,http://www.youtube.com/channel/UCXjWweOkccNu1WeFPkXIBXw,Wokwi
UCXkh8pkvI0NbOZIU5pUyvKA,http://www.youtube.com/channel/UCXkh8pkvI0NbOZIU5pUyvKA,Stanley Creative
UCXmhk-YFo_c5luPzRqr7ViA,http://www.youtube.com/channel/UCXmhk-YFo_c5luPzRqr7ViA,The Future of Bitcoin
UCY0kJ-Z-811fqTddJ72w-WA,http://www.youtube.com/channel/UCY0kJ-Z-811fqTddJ72w-WA,Aaron Christophel
UCY1kMZp36IQSyNx_9h4mpCg,http://www.youtube.com/channel/UCY1kMZp36IQSyNx_9h4mpCg,Mark Rober
UCY7biaci2s86YoL2gYfhU4Q,http://www.youtube.com/channel/UCY7biaci2s86YoL2gYfhU4Q,صالون السكري Sokkari Salon
UCYA1VjSKXgNVh03wjw_HSRA,http://www.youtube.com/channel/UCYA1VjSKXgNVh03wjw_HSRA,Dan Gelbart
UCYNbYGl89UUowy8oXkipC-Q,http://www.youtube.com/channel/UCYNbYGl89UUowy8oXkipC-Q,Dr. Becky
UCYO_jab_esuFRV4b17AJtAw,http://www.youtube.com/channel/UCYO_jab_esuFRV4b17AJtAw,3Blue1Brown
UCYRJRdiTNVbdeN0f29MHHIg,http://www.youtube.com/channel/UCYRJRdiTNVbdeN0f29MHHIg,Freeaim VR Shoes
UCYbK_tjZ2OrIZFBvU6CCMiA,http://www.youtube.com/channel/UCYbK_tjZ2OrIZFBvU6CCMiA,Brackeys
UCYbru-MPO1xjes4FVn61JUQ,http://www.youtube.com/channel/UCYbru-MPO1xjes4FVn61JUQ,Shawn Woods (Mousetrap Monday)
UCYeF244yNGuFefuFKqxIAXw,http://www.youtube.com/channel/UCYeF244yNGuFefuFKqxIAXw,The Royal Institution
UCYlNDY_Lk7ox-el2uBeKWkA,http://www.youtube.com/channel/UCYlNDY_Lk7ox-el2uBeKWkA,Carla Chamoun
UCZ4oRX0e157gHeJHp0XOULA,http://www.youtube.com/channel/UCZ4oRX0e157gHeJHp0XOULA,Undefined Behavior
UCZ57VW_m_r8mE977nI9g8Iw,http://www.youtube.com/channel/UCZ57VW_m_r8mE977nI9g8Iw,British Red Cross
UCZC9LGZLfyjrKT4OZne-JNw,http://www.youtube.com/channel/UCZC9LGZLfyjrKT4OZne-JNw,oxtoolco
UCZFipeZtQM5CKUjx6grh54g,http://www.youtube.com/channel/UCZFipeZtQM5CKUjx6grh54g,Isaac Arthur
UCZHmQk67mSJgfCCTn7xBfew,http://www.youtube.com/channel/UCZHmQk67mSJgfCCTn7xBfew,Yannic Kilcher
UCZS4lGPG6JJs1NdtiHXsABw,http://www.youtube.com/channel/UCZS4lGPG6JJs1NdtiHXsABw,Poppy Goats Homestead
UCZUlf2TKB8vATuo5-s1N-5Q,http://www.youtube.com/channel/UCZUlf2TKB8vATuo5-s1N-5Q,Curious Elephant
UCZYTClx2T1of7BRZ86-8fow,http://www.youtube.com/channel/UCZYTClx2T1of7BRZ86-8fow,SciShow
UCZaT_X_mc0BI-djXOlfhqWQ,http://www.youtube.com/channel/UCZaT_X_mc0BI-djXOlfhqWQ,VICE News
UCZuvK-ib13-f-DHuDr_4PyA,http://www.youtube.com/channel/UCZuvK-ib13-f-DHuDr_4PyA,Andeel
UCZzqG2zfeRKMoJwDwk1FTvQ,http://www.youtube.com/channel/UCZzqG2zfeRKMoJwDwk1FTvQ,History with Cy
UC_SLthyNX_ivd-dmsFgmJVg,http://www.youtube.com/channel/UC_SLthyNX_ivd-dmsFgmJVg,Jeremy Fielding
UC_mYaQAE6-71rjSN6CeCA-g,http://www.youtube.com/channel/UC_mYaQAE6-71rjSN6CeCA-g,NeetCode
UC_x5XG1OV2P6uZZ5FSM9Ttw,http://www.youtube.com/channel/UC_x5XG1OV2P6uZZ5FSM9Ttw,Google for Developers
UCa3rjIHi-3LjmfiEdw4GQgQ,http://www.youtube.com/channel/UCa3rjIHi-3LjmfiEdw4GQgQ,Discovering Skills 
UCaV64-91nLEW58gYZAuKtAw,http://www.youtube.com/channel/UCaV64-91nLEW58gYZAuKtAw,Sevis World
UCaWes1eWQ9TbzA695gl_PtA,http://www.youtube.com/channel/UCaWes1eWQ9TbzA695gl_PtA,Will it Scale
UCafxR2HWJRmMfSdyZXvZMTw,http://www.youtube.com/channel/UCafxR2HWJRmMfSdyZXvZMTw,LOOK MUM NO COMPUTER
UCaiL2GDNpLYH6Wokkk1VNcg,http://www.youtube.com/channel/UCaiL2GDNpLYH6Wokkk1VNcg,mCoding
UCam8VtqRmUKCD-HWZgHtMEg,http://www.youtube.com/channel/UCam8VtqRmUKCD-HWZgHtMEg,Robyn Adele Anderson
UCawZsQWqfGSbCI5yjkdVkTA,http://www.youtube.com/channel/UCawZsQWqfGSbCI5yjkdVkTA,Matthew Berman
UCb-mXwDehQf0pEgS0rlGJ9w,http://www.youtube.com/channel/UCb-mXwDehQf0pEgS0rlGJ9w,Hornet King
UCb0MyY46T9ZYOzDHkYnIoXg,http://www.youtube.com/channel/UCb0MyY46T9ZYOzDHkYnIoXg,Plainly Difficult
UCb2GCoLSBXjmI_Qj1vk-44g,http://www.youtube.com/channel/UCb2GCoLSBXjmI_Qj1vk-44g,Amoeba Sisters
UCbfYPyITQ-7l4upoX8nvctg,http://www.youtube.com/channel/UCbfYPyITQ-7l4upoX8nvctg,Two Minute Papers
UCbiGcwDWZjz05njNPrJU7jA,http://www.youtube.com/channel/UCbiGcwDWZjz05njNPrJU7jA,ExplainingComputers
UCbsfyGlrjrKQC0gbzK0-EiA,http://www.youtube.com/channel/UCbsfyGlrjrKQC0gbzK0-EiA,Jared Owen
UCbyjYRUS9gADwAGuUxcfVcA,http://www.youtube.com/channel/UCbyjYRUS9gADwAGuUxcfVcA,Sip and Feast
UCcKAPl6FcfQEWxXa1r70_AA,http://www.youtube.com/channel/UCcKAPl6FcfQEWxXa1r70_AA,HANA
UCcMDMoNu66_1Hwi5-MeiQgw,http://www.youtube.com/channel/UCcMDMoNu66_1Hwi5-MeiQgw,Hydraulic Press Channel
UCcXhhVwCT6_WqjkEniejRJQ,http://www.youtube.com/channel/UCcXhhVwCT6_WqjkEniejRJQ,Wintergatan
UCc_x1kp5CJwGwxIeCa0uCkQ,http://www.youtube.com/channel/UCc_x1kp5CJwGwxIeCa0uCkQ,Moataz AbdAlFattah
UCcgqJ1blFKqbC2bWGY4Opmg,http://www.youtube.com/channel/UCcgqJ1blFKqbC2bWGY4Opmg,Skyentific
UCckETVOT59aYw80B36aP9vw,http://www.youtube.com/channel/UCckETVOT59aYw80B36aP9vw,MatthiasWandel
UCct9aR7HC79Cv2g-9oDOTLw,http://www.youtube.com/channel/UCct9aR7HC79Cv2g-9oDOTLw,ReligionForBreakfast
UCcvatGFnbYUCgXRapk1dMvw,http://www.youtube.com/channel/UCcvatGFnbYUCgXRapk1dMvw,Chandra X-ray Observatory
UCcvczmsieHPRsrpc3v7GUmg,http://www.youtube.com/channel/UCcvczmsieHPRsrpc3v7GUmg,Casual Scholar
UCd1IBTCIvQdKOQmB-_AUqGw,http://www.youtube.com/channel/UCd1IBTCIvQdKOQmB-_AUqGw,Mom of Sam
UCd2EwnSh9nrNBZmG8B8pWaA,http://www.youtube.com/channel/UCd2EwnSh9nrNBZmG8B8pWaA,SpaceX Pink
UCd8v3SbzGP9_wuSOr_xk_eA,http://www.youtube.com/channel/UCd8v3SbzGP9_wuSOr_xk_eA,Thomas Johnson Antique Furniture Restoration
UCdHC62kngffvzsuHofvqCBg,http://www.youtube.com/channel/UCdHC62kngffvzsuHofvqCBg,TekMinded - Python Recipes
UCdJ9oJ2GUF8Vmb-G63ldGWg,http://www.youtube.com/channel/UCdJ9oJ2GUF8Vmb-G63ldGWg,Reactions
UCdMaCWu6jL1RxRppDocImOQ,http://www.youtube.com/channel/UCdMaCWu6jL1RxRppDocImOQ,Chemdelic
UCdOJGlZhovub62fLUY6-IYg,http://www.youtube.com/channel/UCdOJGlZhovub62fLUY6-IYg,Tuuletar Vocal Folk Hop
UCdVEyUppnjxPHbQ5SAMTg9A,http://www.youtube.com/channel/UCdVEyUppnjxPHbQ5SAMTg9A,Khaled Fahmy خالد فهمي
UCdXorgCT87YlFRN9n8oJ7_A,http://www.youtube.com/channel/UCdXorgCT87YlFRN9n8oJ7_A,ServiceNow Dev Program
UCddiUEpeqJcYeBxX1IVBKvQ,http://www.youtube.com/channel/UCddiUEpeqJcYeBxX1IVBKvQ,The Verge
UCdngmbVKX1Tgre699-XLlUA,http://www.youtube.com/channel/UCdngmbVKX1Tgre699-XLlUA,TechWorld with Nana
UCdp4_l1vPmpN-gDbUwhaRUQ,http://www.youtube.com/channel/UCdp4_l1vPmpN-gDbUwhaRUQ,Branch Education
UCdxTCCRnQgfi2vr2fZupYIQ,http://www.youtube.com/channel/UCdxTCCRnQgfi2vr2fZupYIQ,Carl Bugeja
UCe0IyK4ntgdPTTjsxjvyHPg,http://www.youtube.com/channel/UCe0IyK4ntgdPTTjsxjvyHPg,NYC CNC
UCeKpbMimEGgLM_0tnghfoVw,http://www.youtube.com/channel/UCeKpbMimEGgLM_0tnghfoVw,Clough42
UCezOhPRojzE_Du7XQodCKxQ,http://www.youtube.com/channel/UCezOhPRojzE_Du7XQodCKxQ,Ziroth
UCf0O2efB4K66UUaT7QJPVNA,http://www.youtube.com/channel/UCf0O2efB4K66UUaT7QJPVNA,Al Muqaddimah
UCf98WFQLzORUfCinbycwXXQ,http://www.youtube.com/channel/UCf98WFQLzORUfCinbycwXXQ,Play with Junk
UCfIqCzQJXvYj9ssCoHq327g,http://www.youtube.com/channel/UCfIqCzQJXvYj9ssCoHq327g,How To Make Everything
UCfNQkKS2AkN_BX36MdvY70Q,http://www.youtube.com/channel/UCfNQkKS2AkN_BX36MdvY70Q,bigstackD Casting
UCfVFSjHQ57zyxajhhRc7i0g,http://www.youtube.com/channel/UCfVFSjHQ57zyxajhhRc7i0g,GameHut
UCfYfK0tzHZTpNFrc_NDKfTA,http://www.youtube.com/channel/UCfYfK0tzHZTpNFrc_NDKfTA,Paul McWhorter
UCfq9IoUJBIKORP6Q0Zp4dIg,http://www.youtube.com/channel/UCfq9IoUJBIKORP6Q0Zp4dIg,Gateway Spaceport LLC
UCfsznjef2zGJnrCRQBXqo6Q,http://www.youtube.com/channel/UCfsznjef2zGJnrCRQBXqo6Q,Machine Thinking
UCftwRNsjfRo08xYE31tkiyw,http://www.youtube.com/channel/UCftwRNsjfRo08xYE31tkiyw,WIRED
UCfzlCWGWYyIQ0aLC5w48gBQ,http://www.youtube.com/channel/UCfzlCWGWYyIQ0aLC5w48gBQ,sentdex
UCgBqAFriBrftRkj304eiiVw,http://www.youtube.com/channel/UCgBqAFriBrftRkj304eiiVw,Charlie Garcia
UCgNg3vwj3xt7QOrcIDaHdFg,http://www.youtube.com/channel/UCgNg3vwj3xt7QOrcIDaHdFg,PolyMatter
UCgRBRE1DUP2w7HTH9j_L4OQ,http://www.youtube.com/channel/UCgRBRE1DUP2w7HTH9j_L4OQ,Medlife Crisis
UCgYvqPuBRBL4PAQGts3HFxQ,http://www.youtube.com/channel/UCgYvqPuBRBL4PAQGts3HFxQ,Modern Goldsmith
UCgZDy4S7286fKAjFIKv63oA,http://www.youtube.com/channel/UCgZDy4S7286fKAjFIKv63oA,المبادرة المصرية للحقوق الشخصية
UCh-0T48JrvvmKDX41aWB_Vg,http://www.youtube.com/channel/UCh-0T48JrvvmKDX41aWB_Vg,Epicenter Podcast
UCh2dnrLCNHDS2IV9I2R58Pw,http://www.youtube.com/channel/UCh2dnrLCNHDS2IV9I2R58Pw,Hazegrayart
UCh3jrub_0od3EFoUtiIG4jQ,http://www.youtube.com/channel/UCh3jrub_0od3EFoUtiIG4jQ,Cosmic Perspective
UChWv6Pn_zP0rI6lgGt3MyfA,http://www.youtube.com/channel/UChWv6Pn_zP0rI6lgGt3MyfA,AvE
UChZKjHhCFQG0STnhSZ9CWcg,http://www.youtube.com/channel/UChZKjHhCFQG0STnhSZ9CWcg,قَوْلُ غَيْرِ فَصْلٍ 
UChml8VofxOsIKliDtZnxnPw,http://www.youtube.com/channel/UChml8VofxOsIKliDtZnxnPw,مهدي الشافعي لفنون الميكانيكا
UChtY6O8Ahw2cz05PS2GhUbg,http://www.youtube.com/channel/UChtY6O8Ahw2cz05PS2GhUbg,Make:
UChugFTK0KyrES9terTid8vA,http://www.youtube.com/channel/UChugFTK0KyrES9terTid8vA,Stanford HAI
UCi1OKw1BM0Ny4nePaXyE7fg,http://www.youtube.com/channel/UCi1OKw1BM0Ny4nePaXyE7fg,CarterCutlery
UCiEk4xHBbz0hZNIBBpowdYQ,http://www.youtube.com/channel/UCiEk4xHBbz0hZNIBBpowdYQ,jimmydiresta
UCiYwENpLDO4gyB4dBrMYrjQ,http://www.youtube.com/channel/UCiYwENpLDO4gyB4dBrMYrjQ,History of Westeros
UCiczXOhGpvoQGhOL16EZiTg,http://www.youtube.com/channel/UCiczXOhGpvoQGhOL16EZiTg,CNC Kitchen
UCie09bMB6ITYmpU3z6vv2tw,http://www.youtube.com/channel/UCie09bMB6ITYmpU3z6vv2tw,Communication Coach Alexander Lyon
UCiefLm_nIz_gOH7XHbgpdCQ,http://www.youtube.com/channel/UCiefLm_nIz_gOH7XHbgpdCQ,BrainStuff - HowStuffWorks
UCin1zgxV35QNoVhxT4ChV7A,http://www.youtube.com/channel/UCin1zgxV35QNoVhxT4ChV7A,Mahmoud Rasmi
UCiqCdyT8eKRVOLvUeBCZ8cg,http://www.youtube.com/channel/UCiqCdyT8eKRVOLvUeBCZ8cg,Voices of Ancient Egypt
UCiub-x47pQFc8VjF6KgjNXg,http://www.youtube.com/channel/UCiub-x47pQFc8VjF6KgjNXg,미스터 프로세스 Mr.Process 
UCivA7_KLKWo43tFcCkFvydw,http://www.youtube.com/channel/UCivA7_KLKWo43tFcCkFvydw,Applied Science
UCiygJF7wFHDeWGVvXkztUSA,http://www.youtube.com/channel/UCiygJF7wFHDeWGVvXkztUSA,Cylo's Garage
UCj--iMtToRO_cGG_fpmP5XQ,http://www.youtube.com/channel/UCj--iMtToRO_cGG_fpmP5XQ,Munro Live
UCj1VqrHhDte54oLgPG4xpuQ,http://www.youtube.com/channel/UCj1VqrHhDte54oLgPG4xpuQ,Stuff Made Here
UCjFaPUcJU1vwk193mnW_w1w,http://www.youtube.com/channel/UCjFaPUcJU1vwk193mnW_w1w,Modern Vintage Gamer
UCjR-m6q3NEp-0CNZfxkVl2w,http://www.youtube.com/channel/UCjR-m6q3NEp-0CNZfxkVl2w,ONC DC Blockchain Codeathon
UCjU6ZwoTQtKWfz1urL7XcbA,http://www.youtube.com/channel/UCjU6ZwoTQtKWfz1urL7XcbA,SciNews
UCjeJp0R7lIkyKA83LEKkiPQ,http://www.youtube.com/channel/UCjeJp0R7lIkyKA83LEKkiPQ,SpaceXvision
UCjgpFI5dU-D1-kh9H1muoxQ,http://www.youtube.com/channel/UCjgpFI5dU-D1-kh9H1muoxQ,Hacksmith Industries
UCjtUS7-SZTi6pXjUbzGHQCg,http://www.youtube.com/channel/UCjtUS7-SZTi6pXjUbzGHQCg,Undecided with Matt Ferrell
UCjwOWaOX-c-NeLnj_YGiNEg,http://www.youtube.com/channel/UCjwOWaOX-c-NeLnj_YGiNEg,Tipping Point Math
UCk-FDoGNRa9XfXqF4ujMv7A,http://www.youtube.com/channel/UCk-FDoGNRa9XfXqF4ujMv7A,Alyaa Gad علياء جاد
UCk0fGHsCEzGig-rSzkfCjMw,http://www.youtube.com/channel/UCk0fGHsCEzGig-rSzkfCjMw,The Engineering Mindset
UCk5FnYuxji0PakxkJ2s-O4g,http://www.youtube.com/channel/UCk5FnYuxji0PakxkJ2s-O4g,Masten Space Systems
UCkEYj8wtK3aEW8vSGhlB43g,http://www.youtube.com/channel/UCkEYj8wtK3aEW8vSGhlB43g,VogMan
UCkKhZJXIx7YkHnpLXxUjYsQ,http://www.youtube.com/channel/UCkKhZJXIx7YkHnpLXxUjYsQ,ShadowZone
UCkdnY2hNC0sdlVXPtWuNQ8g,http://www.youtube.com/channel/UCkdnY2hNC0sdlVXPtWuNQ8g,New York Times Podcasts
UCl6SgG453jxEjKxFXGmB4Lg,http://www.youtube.com/channel/UCl6SgG453jxEjKxFXGmB4Lg,Banuba
UClKevSwDIU8NTyF2DAK0G0Q,http://www.youtube.com/channel/UClKevSwDIU8NTyF2DAK0G0Q,CircuitBread
UClRwC5Vc8HrB6vGx6Ti-lhA,http://www.youtube.com/channel/UClRwC5Vc8HrB6vGx6Ti-lhA,Technology Connextras
UClTL-ZUsrWuNMP4zy-PWByw,http://www.youtube.com/channel/UClTL-ZUsrWuNMP4zy-PWByw,Cyber Initiative
UClZbmi9JzfnB2CEb0fG8iew,http://www.youtube.com/channel/UClZbmi9JzfnB2CEb0fG8iew,Primal Space
UClcE-kVhqyiHCcjYwcpfj9w,http://www.youtube.com/channel/UClcE-kVhqyiHCcjYwcpfj9w,LiveOverflow
UCllFkMo5A0V5UKYNltNEt4Q,http://www.youtube.com/channel/UCllFkMo5A0V5UKYNltNEt4Q,That Electronics Fool
UClsFdM0HzTdF1JYoraQ0aUw,http://www.youtube.com/channel/UClsFdM0HzTdF1JYoraQ0aUw,Brick Experiment Channel
UCm6zvhnzpdMvjSVrlgHlVZA,http://www.youtube.com/channel/UCm6zvhnzpdMvjSVrlgHlVZA,مطبخ ديزى Daisy's Kitchen
UCm9K6rby98W8JigLoZOh6FQ,http://www.youtube.com/channel/UCm9K6rby98W8JigLoZOh6FQ,LockPickingLawyer
UCmGSJVG3mCRXVOP4yZrU1Dw,http://www.youtube.com/channel/UCmGSJVG3mCRXVOP4yZrU1Dw,Johnny Harris
UCmKDTlaYnwphIFbKKA9UEhQ,http://www.youtube.com/channel/UCmKDTlaYnwphIFbKKA9UEhQ,الموقف المصري
UCmRHOUFLYMM7KAkamleGaOw,http://www.youtube.com/channel/UCmRHOUFLYMM7KAkamleGaOw,Dr. Scott Hoar
UCmWDlvMYYEbW42B8JyxFBcA,http://www.youtube.com/channel/UCmWDlvMYYEbW42B8JyxFBcA,NullPointer Exception
UCmWffIxjLBpgf3Y2hVm1y6g,http://www.youtube.com/channel/UCmWffIxjLBpgf3Y2hVm1y6g,Spacewalk Podcast by Everyday Astronaut
UCmdg81RGC1W_djN1tTRRlhA,http://www.youtube.com/channel/UCmdg81RGC1W_djN1tTRRlhA,EnergeticHeretic
UCmkP178NasnhR3TWQyyP4Gw,http://www.youtube.com/channel/UCmkP178NasnhR3TWQyyP4Gw,How To Mechatronics
UCmmPgObSUPw1HL2lq6H4ffA,http://www.youtube.com/channel/UCmmPgObSUPw1HL2lq6H4ffA,Geography Now
UCms17pPQqvbeYG5-i2WQ2iw,http://www.youtube.com/channel/UCms17pPQqvbeYG5-i2WQ2iw,Will Stelter
UCmtyQOKKmrMVaKuRXz02jbQ,http://www.youtube.com/channel/UCmtyQOKKmrMVaKuRXz02jbQ,Sebastian Lague
UCmwaDulmQtX-H8FOSQTKqMg,http://www.youtube.com/channel/UCmwaDulmQtX-H8FOSQTKqMg,Scaling Bitcoin
UCn2SbZWi4yTkmPUj5wnbfoA,http://www.youtube.com/channel/UCn2SbZWi4yTkmPUj5wnbfoA,Learn Math Tutorials
UCn8ujwUInbJkBhffxqAPBVQ,http://www.youtube.com/channel/UCn8ujwUInbJkBhffxqAPBVQ,Dave Ebbelaar
UCnUYZLuoy1rq1aVMwx4aTzw,http://www.youtube.com/channel/UCnUYZLuoy1rq1aVMwx4aTzw,Chrome for Developers
UCnrGPRKAg1PgvuSHrRIl3jg,http://www.youtube.com/channel/UCnrGPRKAg1PgvuSHrRIl3jg,United Launch Alliance
UCnyaFjtCzBls96RvD4Eytwg,http://www.youtube.com/channel/UCnyaFjtCzBls96RvD4Eytwg,Machining and Microwaves
UCo-3ThNQmPmQSQL_L6Lx1_w,http://www.youtube.com/channel/UCo-3ThNQmPmQSQL_L6Lx1_w,DeepSkyVideos
UCoCXmH6_qMcQhASx82ufy_Q,http://www.youtube.com/channel/UCoCXmH6_qMcQhASx82ufy_Q,Chat with data
UCoLdERT4-TJ82PJOHSrsZLQ,http://www.youtube.com/channel/UCoLdERT4-TJ82PJOHSrsZLQ,Spaceflight Now
UCoNdHj3AnsFD8IjLCxm4EFw,http://www.youtube.com/channel/UCoNdHj3AnsFD8IjLCxm4EFw,DIY Builds
UCogrSQkBJn1KF0N9I4oM7eQ,http://www.youtube.com/channel/UCogrSQkBJn1KF0N9I4oM7eQ,Fraser Cain
UConVfxXodg78Tzh5nNu85Ew,http://www.youtube.com/channel/UConVfxXodg78Tzh5nNu85Ew,Welch Labs
UCov_51F0betb6hJ6Gumxg3Q,http://www.youtube.com/channel/UCov_51F0betb6hJ6Gumxg3Q,AI and Games
UCoxcjq-8xIDTYp3uz647V5A,http://www.youtube.com/channel/UCoxcjq-8xIDTYp3uz647V5A,Numberphile
UCp-mnssZd4X2bgIcekaNfgA,http://www.youtube.com/channel/UCp-mnssZd4X2bgIcekaNfgA,Marty T
UCp2zUjok9cg41J4M7RxfHGw,http://www.youtube.com/channel/UCp2zUjok9cg41J4M7RxfHGw,Reach Robotics Lab
UCp68_FLety0O-n9QU6phsgw,http://www.youtube.com/channel/UCp68_FLety0O-n9QU6phsgw,colinfurze
UCp9ZtilfKJds0iWytR_pnOQ,http://www.youtube.com/channel/UCp9ZtilfKJds0iWytR_pnOQ,Epimetheus
UCpzJXYRFyq8Sz7ebj0QreIA,http://www.youtube.com/channel/UCpzJXYRFyq8Sz7ebj0QreIA,Cleveland Area Body Camera
UCq2rNse2XX4Rjzmldv9GqrQ,http://www.youtube.com/channel/UCq2rNse2XX4Rjzmldv9GqrQ,rctestflight
UCq7dxy_qYNEBcHqQVCbc20w,http://www.youtube.com/channel/UCq7dxy_qYNEBcHqQVCbc20w,Creel
UCqAwM_1NY6auId81M58K5LQ,http://www.youtube.com/channel/UCqAwM_1NY6auId81M58K5LQ,هادي تزادت فالراس
UCqDf3lwZY-MJYKMAw2ySkPQ,http://www.youtube.com/channel/UCqDf3lwZY-MJYKMAw2ySkPQ,سيرة القاهرة
UCqKdzM0oFM1HcW6UXFDZtVA,http://www.youtube.com/channel/UCqKdzM0oFM1HcW6UXFDZtVA,Ants Pants
UCqWSZjB2D02mhzm8yxWlh4Q,http://www.youtube.com/channel/UCqWSZjB2D02mhzm8yxWlh4Q,Diginomics
UCqZQJ4600a9wIfMPbYc60OQ,http://www.youtube.com/channel/UCqZQJ4600a9wIfMPbYc60OQ,Sabins Civil Engineering
UCqp2_p4YjtaTKiHuNZv0mAQ,http://www.youtube.com/channel/UCqp2_p4YjtaTKiHuNZv0mAQ,electronupdate
UCr6_goGjMHQ4-nSpMzwy7xw,http://www.youtube.com/channel/UCr6_goGjMHQ4-nSpMzwy7xw,Nouran Abutaleb نوران أبو طالب
UCrMePiHCWG4Vwqv3t7W9EFg,http://www.youtube.com/channel/UCrMePiHCWG4Vwqv3t7W9EFg,SciShow Space
UCrUL8K81R4VBzm-KOYwrcxQ,http://www.youtube.com/channel/UCrUL8K81R4VBzm-KOYwrcxQ,Engineer Man
UCrUM7Q29YDCs-zDrc1QRKQQ,http://www.youtube.com/channel/UCrUM7Q29YDCs-zDrc1QRKQQ,SuburbanTool Inc
UCrXSVX9a1mj8l0CMLwKgMVw,http://www.youtube.com/channel/UCrXSVX9a1mj8l0CMLwKgMVw,AI Jason
UCrdOECFs_y1zfKXcZQL0oRw,http://www.youtube.com/channel/UCrdOECFs_y1zfKXcZQL0oRw,tehmattguy
UCrsLPlwxUInDoNubOP85EWQ,http://www.youtube.com/channel/UCrsLPlwxUInDoNubOP85EWQ,Coderized
UCruzgbuOs-7X9BINIGPAsrQ,http://www.youtube.com/channel/UCruzgbuOs-7X9BINIGPAsrQ,EtherCasts
UCrv269YwJzuZL3dH5PCgxUw,http://www.youtube.com/channel/UCrv269YwJzuZL3dH5PCgxUw,CodeParade
UCryGec9PdUCLjpJW2mgCuLw,http://www.youtube.com/channel/UCryGec9PdUCLjpJW2mgCuLw,NASA Jet Propulsion Laboratory
UCs4aHmggTfFrpkPcWSaBN9g,http://www.youtube.com/channel/UCs4aHmggTfFrpkPcWSaBN9g,PBS Infinite Series
UCs7LUYbjJbEkq-AqSCSzR_Q,http://www.youtube.com/channel/UCs7LUYbjJbEkq-AqSCSzR_Q,The MADE Oakland
UCsBjURrPoezykLs9EqgamOA,http://www.youtube.com/channel/UCsBjURrPoezykLs9EqgamOA,Fireship
UCsI_41SZafKtB5qE46WjlQQ,http://www.youtube.com/channel/UCsI_41SZafKtB5qE46WjlQQ,Becky Stern
UCsWq7LZaizhIi-c-Yo_bcpw,http://www.youtube.com/channel/UCsWq7LZaizhIi-c-Yo_bcpw,Rocket Lab
UCsXVk37bltHxD1rDPwtNM8Q,http://www.youtube.com/channel/UCsXVk37bltHxD1rDPwtNM8Q,Kurzgesagt – In a Nutshell
UCsaGKqPZnGp_7N80hcHySGQ,http://www.youtube.com/channel/UCsaGKqPZnGp_7N80hcHySGQ,Tasting History with Max Miller
UCshVweYiHqrepiq6b8tWvLQ,http://www.youtube.com/channel/UCshVweYiHqrepiq6b8tWvLQ,Janus Cycle
UCtApzEATxf4Ga0WOJM4j07w,http://www.youtube.com/channel/UCtApzEATxf4Ga0WOJM4j07w,MIT FinTech
UCtI0Hodo5o5dUb67FeUjDeA,http://www.youtube.com/channel/UCtI0Hodo5o5dUb67FeUjDeA,SpaceX
UCtJPeNYnAXhB1-_h8xbIX_Q,http://www.youtube.com/channel/UCtJPeNYnAXhB1-_h8xbIX_Q,Nemean
UCtMM9yct8wrdLEZNwLkj-2Q,http://www.youtube.com/channel/UCtMM9yct8wrdLEZNwLkj-2Q,techydiy
UCtRFmSyL4fSLQkn-wMqlmdA,http://www.youtube.com/channel/UCtRFmSyL4fSLQkn-wMqlmdA,History of the Universe
UCtcOMXyDCj6cb9eF8wpYBUA,http://www.youtube.com/channel/UCtcOMXyDCj6cb9eF8wpYBUA,Handmade-studios
UCtxNu_ADBcbujQh-s9OBFvQ,http://www.youtube.com/channel/UCtxNu_ADBcbujQh-s9OBFvQ,David Mitchell's Soapbox
UCu6mSoMNzHQiBIOCkHUa2Aw,http://www.youtube.com/channel/UCu6mSoMNzHQiBIOCkHUa2Aw,Cody'sLab
UCu7_D0o48KbfhpEohoP7YSQ,http://www.youtube.com/channel/UCu7_D0o48KbfhpEohoP7YSQ,Andreas Spiess
UCuCkxoKLYO_EQ2GeFtbM_bw,http://www.youtube.com/channel/UCuCkxoKLYO_EQ2GeFtbM_bw,Half as Interesting
UCuIkNVnxgTeZYkQ6k-t3hfg,http://www.youtube.com/channel/UCuIkNVnxgTeZYkQ6k-t3hfg,القاهرة فى المنفى - Cairo in Exile 
UCuWr7A2GqbLPZuPcjMUqaJQ,http://www.youtube.com/channel/UCuWr7A2GqbLPZuPcjMUqaJQ,Youssef Houssein
UCue2DK0ccHtBrP9V__gYl6A,http://www.youtube.com/channel/UCue2DK0ccHtBrP9V__gYl6A,Scenic Scenes
UCv83tO5cePwHMt1952IVVHw,http://www.youtube.com/channel/UCv83tO5cePwHMt1952IVVHw,James Briggs
UCvAkAJqVNdoCg_MCP6weYjQ,http://www.youtube.com/channel/UCvAkAJqVNdoCg_MCP6weYjQ,مشاكل بنوك
UCvJiYiBUbw4tmpRSZT2r1Hw,http://www.youtube.com/channel/UCvJiYiBUbw4tmpRSZT2r1Hw,Science Channel
UCvPBwFtlth679NMXM2jsxlg,http://www.youtube.com/channel/UCvPBwFtlth679NMXM2jsxlg,NeoScribe
UCvQECJukTDE2i6aCoMnS-Vg,http://www.youtube.com/channel/UCvQECJukTDE2i6aCoMnS-Vg,Big Think
UCvUf_yOU_swE6PtOuv2yBqg,http://www.youtube.com/channel/UCvUf_yOU_swE6PtOuv2yBqg,Our Ludicrous Future
UCveZqqGewoyPiacooywP5Ig,http://www.youtube.com/channel/UCveZqqGewoyPiacooywP5Ig,Alt Shift X
UCvjgXvBlbQiydffZU7m1_aw,http://www.youtube.com/channel/UCvjgXvBlbQiydffZU7m1_aw,The Coding Train
UCvxRfKErEASNhi6OM795Feg,http://www.youtube.com/channel/UCvxRfKErEASNhi6OM795Feg,GameplayReviewUK
UCw0U6DtO0PHb3l37eKEAdSg,http://www.youtube.com/channel/UCw0U6DtO0PHb3l37eKEAdSg,AmRad Podcast
UCw3UZn1tcVe7pH3R6C3Gcng,http://www.youtube.com/channel/UCw3UZn1tcVe7pH3R6C3Gcng,Abom79
UCw6y3I5_rZS0S0B84vAESfA,http://www.youtube.com/channel/UCw6y3I5_rZS0S0B84vAESfA,GinzeratOceano
UCw95T_TgbGHhTml4xZ9yIqg,http://www.youtube.com/channel/UCw95T_TgbGHhTml4xZ9yIqg,The Vintage Space
UCwBhBDsqiQflTMLy2epbQVw,http://www.youtube.com/channel/UCwBhBDsqiQflTMLy2epbQVw,Emergent Garden
UCwBx2Q2XG-suL4-eg66gT0g,http://www.youtube.com/channel/UCwBx2Q2XG-suL4-eg66gT0g,Concerning Reality
UCwD6cBY-5-83mnhYyzwEloQ,http://www.youtube.com/channel/UCwD6cBY-5-83mnhYyzwEloQ,It’s Just Cinema
UCwDXwk92IvOHDRlBCSdKyOA,http://www.youtube.com/channel/UCwDXwk92IvOHDRlBCSdKyOA,الشيف عيد سينا chef eid cena
UCwKUuGrivWw1amEN10Af9Wg,http://www.youtube.com/channel/UCwKUuGrivWw1amEN10Af9Wg,Mandy Elmore
UCwNXyu0MADifigopJgwBHhw,http://www.youtube.com/channel/UCwNXyu0MADifigopJgwBHhw,Fathy Salama
UCwb6aOK05nz0suv-P0ZAhcw,http://www.youtube.com/channel/UCwb6aOK05nz0suv-P0ZAhcw,Noteable
UCwgKmJM4ZJQRJ-U5NjvR2dg,http://www.youtube.com/channel/UCwgKmJM4ZJQRJ-U5NjvR2dg,george hotz archive
UCworsKCR-Sx6R6-BnIjS2MA,http://www.youtube.com/channel/UCworsKCR-Sx6R6-BnIjS2MA,Clickspring
UCwpHKudUkP5tNgmMdexB3ow,http://www.youtube.com/channel/UCwpHKudUkP5tNgmMdexB3ow,Mentour Pilot
UCx18ywTcohtS9lpNXt8noWQ,http://www.youtube.com/channel/UCx18ywTcohtS9lpNXt8noWQ,Omar Raja - ESPN
UCx32JW2oIrax47Gjq8zNI-w,http://www.youtube.com/channel/UCx32JW2oIrax47Gjq8zNI-w,Open Dynamic Robot Initiative
UCx6FUi5hHm78HPslucrVAcA,http://www.youtube.com/channel/UCx6FUi5hHm78HPslucrVAcA,Glidus
UCxX8HALRumMSt7hb4O6Noyg,http://www.youtube.com/channel/UCxX8HALRumMSt7hb4O6Noyg,The History Hub
UCxX9wt5FWQUAAz4UrysqK9A,http://www.youtube.com/channel/UCxX9wt5FWQUAAz4UrysqK9A,CS Dojo
UCxcjVHL-2o3D6Q9esu05a1Q,http://www.youtube.com/channel/UCxcjVHL-2o3D6Q9esu05a1Q,RCSparks Studio
UCxnH8AW5-zlEZkmdHx95HLw,http://www.youtube.com/channel/UCxnH8AW5-zlEZkmdHx95HLw,C-bass Productions
UCxqAWLTk1CmBvZFPzeZMd9A,http://www.youtube.com/channel/UCxqAWLTk1CmBvZFPzeZMd9A,Domain of Science
UCxzC4EngIsMrPmbm6Nxvb-A,http://www.youtube.com/channel/UCxzC4EngIsMrPmbm6Nxvb-A,Scott Manley
UCxzIO2gD5pQbuFLxV3mQFKg,http://www.youtube.com/channel/UCxzIO2gD5pQbuFLxV3mQFKg,Sherif Yasser Ontrack - شريف ياسر
UCy0tKL1T7wFoYcxCe0xjN6Q,http://www.youtube.com/channel/UCy0tKL1T7wFoYcxCe0xjN6Q,Technology Connections
UCy6Q9UCG7Wa-N7nht2BFrHA,http://www.youtube.com/channel/UCy6Q9UCG7Wa-N7nht2BFrHA,CSI Starbase
UCyF-6wI0EoKAe7nZqlIOrOA,http://www.youtube.com/channel/UCyF-6wI0EoKAe7nZqlIOrOA,"X, the moonshot factory"
UCyl26lvnoySlGWlF5oNHvYA,http://www.youtube.com/channel/UCyl26lvnoySlGWlF5oNHvYA,FinOps Foundation
UCywu1Mbz5WJ--Oo8M5oRriw,http://www.youtube.com/channel/UCywu1Mbz5WJ--Oo8M5oRriw,Kevin Gustafson
UCz3qvETKooktNgCvvheuQDw,http://www.youtube.com/channel/UCz3qvETKooktNgCvvheuQDw,Event Horizon
UCz9HhHjDT59WX2Hl7kGphbg,http://www.youtube.com/channel/UCz9HhHjDT59WX2Hl7kGphbg,Yummy Life
UCzR-rom72PHN9Zg7RML9EbA,http://www.youtube.com/channel/UCzR-rom72PHN9Zg7RML9EbA,PBS Eons
UCzWQYUVCpZqtN93H8RR44Qw,http://www.youtube.com/channel/UCzWQYUVCpZqtN93H8RR44Qw,Seeker
UCzml9bXoEM0itbcE96CB03w,http://www.youtube.com/channel/UCzml9bXoEM0itbcE96CB03w,DroneBot Workshop
UCzoVCacndDCfGDf41P-z0iA,http://www.youtube.com/channel/UCzoVCacndDCfGDf41P-z0iA,JSConf
UCzr30osBdTmuFUS8IfXtXmg,http://www.youtube.com/channel/UCzr30osBdTmuFUS8IfXtXmg,Essential Craftsman
UCzuqE7-t13O4NIDYJfakrhw,http://www.youtube.com/channel/UCzuqE7-t13O4NIDYJfakrhw,Democracy Now!





